<?xml version='1.0' encoding='utf-8' standalone='yes' ?>
<map>
    <set name="kotlin/2.0.21 android-min-sdk/26 fire-analytics/21.3.0 fire-cls/18.6.4 fire-sessions/1.2.4 fire-cls-ndk/18.6.4 fire-core-ktx/20.4.2 device-brand/realme fire-android/29 fire-core/20.4.2 fire-iid/20.1.6 android-installer/com.google.android.packageinstaller fire-installations/17.2.0 android-platform/ fire-transport/18.1.8 fire-fcm/20.1.6 android-target-sdk/35 device-model/RMX2030 device-name/RMX2030">
        <string>2025-11-03</string>
    </set>
    <long name="fire-count" value="1" />
    <string name="last-used-date">2025-11-03</string>
    <long name="fire-global" value="1762170134333" />
</map>
