<?xml version='1.0' encoding='utf-8' standalone='yes' ?>
<map>
    <int name="lastVersionCodeUsed" value="749900343" />
    <set name="CachedFlagsEnabled">
        <string>EnablePerfettoSystemTracing</string>
        <string>WebViewMoveWorkToProviderInit</string>
    </set>
    <set name="CachedFlagsDisabled">
        <string>WebViewOptInToGmsBindServiceOptimization</string>
        <string>WebViewReducedSeedExpiration</string>
        <string>WebViewReducedSeedRequestPeriod</string>
    </set>
</map>
