{"Fid":"ejC1twcZQb6qwwMyr5nVxf","Status":3,"RefreshToken":"3_AS3qfwKXCWPfr65Yx0Zwe3G_K743aEGNfv4hCByO0MQweZueGbVHaqdFb59dfFYTa3h8MZMbLQ2MbXvZ2dfx3Ps3fx9Pd43RQ1OvJSIEW8UGKiY","AuthToken":"eyJhbGciOiJFUzI1NiIsInR5cCI6IkpXVCJ9.eyJhcHBJZCI6IjE6MzY3MjY5MDA4OTg2OmFuZHJvaWQ6NzliMWNhNTQ5NTQxMTEyNCIsImV4cCI6MTc2Mjc2MzcwMywiZmlkIjoiZWpDMXR3Y1pRYjZxd3dNeXI1blZ4ZiIsInByb2plY3ROdW1iZXIiOjM2NzI2OTAwODk4Nn0.AB2LPV8wRQIhANkhy48Q8VBeqthDGiSQ2IUvl2d83E-JHkxzZGaKG_3hAiBfuJpoUsuo-P1r-4DxFQ2Gl4cVTcGnPQ2kkNhNQy1wWg","TokenCreationEpochInSecs":1762158902,"ExpiresInSecs":604800}