{"Fid":"dEQnNw5SRrOmnqElsHpb7u","Status":3,"RefreshToken":"3_AS3qfwIYqzgk7-dGX4HDIdo5fPE5LdVvijiCz3RQR7W1fO0KJAcE2N9fJiHfXpjmg3i7PQ-TZgWXZUgbnN6-RcvNNQLz6t4z5zvrm1ie8ev8cQ","AuthToken":"eyJhbGciOiJFUzI1NiIsInR5cCI6IkpXVCJ9.eyJhcHBJZCI6IjE6MzY3MjY5MDA4OTg2OmFuZHJvaWQ6NzliMWNhNTQ5NTQxMTEyNCIsImV4cCI6MTc2Mjc3NTA4NCwiZmlkIjoiZEVRbk53NVNSck9tbnFFbHNIcGI3dSIsInByb2plY3ROdW1iZXIiOjM2NzI2OTAwODk4Nn0.AB2LPV8wRAIgdeDP3Y7Iknq9s9fEtO8MItkAIYk3J0nL8ltysEMwuoICIErsbvPi6E965nqXcOXs0dfvytRARlB8WV_dKsTWPeru","TokenCreationEpochInSecs":1762170282,"ExpiresInSecs":604800}