{"Fid":"dUe40foCSyGpRz81aOxEem","Status":3,"RefreshToken":"3_AS3qfwIXg2myVMnHwey1-Olf1CCO-ofDB2G1KZP3UreC4IzJ3M-TlAhWYxmkc1u5frAaaYGhgZwTvPdGJPquYeSNHs_vASfcixocXeZPn_lDGEs","AuthToken":"eyJhbGciOiJFUzI1NiIsInR5cCI6IkpXVCJ9.eyJhcHBJZCI6IjE6MzY3MjY5MDA4OTg2OmFuZHJvaWQ6NzliMWNhNTQ5NTQxMTEyNCIsImV4cCI6MTc2Mjc2MjExNiwiZmlkIjoiZFVlNDBmb0NTeUdwUno4MWFPeEVlbSIsInByb2plY3ROdW1iZXIiOjM2NzI2OTAwODk4Nn0.AB2LPV8wRAIgCkhskHcbt8dbz0mdh0kI4vOqQqtdXj6q3bR10z6V1u4CIBrG4lo96_TV10PbeSHGwNSW7mF1_r7WhBYPG3VuPlSa","TokenCreationEpochInSecs":1762157315,"ExpiresInSecs":604800}