{"Fid":"cfu9FVi8Q1-cdAH-3tmx_T","Status":3,"RefreshToken":"3_AS3qfwLi1MG_rBdf3El4qY8glpRb-vr_jNhqRPF4AXBqRPScHvQmyxB67UHTFl_WeV5GX3T5cRqq3oUTkbraEE5xzqHEXoBreH-U-oyLENVki9Q","AuthToken":"eyJhbGciOiJFUzI1NiIsInR5cCI6IkpXVCJ9.eyJhcHBJZCI6IjE6MzY3MjY5MDA4OTg2OmFuZHJvaWQ6NzliMWNhNTQ5NTQxMTEyNCIsImV4cCI6MTc2Mjc3NDkzNywiZmlkIjoiY2Z1OUZWaThRMS1jZEFILTN0bXhfVCIsInByb2plY3ROdW1iZXIiOjM2NzI2OTAwODk4Nn0.AB2LPV8wRQIgD8lnpOAhdppoY1wmt2t7qXEVNFD9l4qh8xnKRY0wlZICIQD6W_7LN5kdV0M3GuFPZmTkO6jHxp2t0tnABq0tMsKhXw","TokenCreationEpochInSecs":1762170135,"ExpiresInSecs":604800}