{"Fid":"f6TSWKx_Qj25yX2aKejgpc","Status":3,"RefreshToken":"3_AS3qfwK6kGnjCg-jJBj_EktPV5M8yo3xgRbaodkGUYKS-VRsO2BuqAWvbcNeZ7oEmvvz_R45nDVVtbhqSWzxjvIoDFvUQ38tDJuC2z_nwvpfng","AuthToken":"eyJhbGciOiJFUzI1NiIsInR5cCI6IkpXVCJ9.eyJhcHBJZCI6IjE6MzY3MjY5MDA4OTg2OmFuZHJvaWQ6NzliMWNhNTQ5NTQxMTEyNCIsImV4cCI6MTc2Mjc1NDI4NSwiZmlkIjoiZjZUU1dLeF9RajI1eVgyYUtlamdwYyIsInByb2plY3ROdW1iZXIiOjM2NzI2OTAwODk4Nn0.AB2LPV8wRQIgeaN-IVjoOZwVybWXIepoEs06Wojx67peJkTkgHeKiK0CIQDCRuz0dGan2OygcTACKsq2vjDpe3LCNuwaMQTgtYQErA","TokenCreationEpochInSecs":1762149483,"ExpiresInSecs":604800}