{"Fid":"e0OybSD8TtKgrYvETA7G-F","Status":3,"RefreshToken":"3_AS3qfwI-hbwg20je0dCWinkI5u_y9q3uYepWuraI6INKZDZzctJy2JPR01j34hZ0d5ipZi9MTsl7_szcKmblBhLqhP3fugizpniGhHEzRjIFlpw","AuthToken":"eyJhbGciOiJFUzI1NiIsInR5cCI6IkpXVCJ9.eyJhcHBJZCI6IjE6MzY3MjY5MDA4OTg2OmFuZHJvaWQ6NzliMWNhNTQ5NTQxMTEyNCIsImV4cCI6MTc2Mjc2MzUwNCwiZmlkIjoiZTBPeWJTRDhUdEtncll2RVRBN0ctRiIsInByb2plY3ROdW1iZXIiOjM2NzI2OTAwODk4Nn0.AB2LPV8wRQIgJeXnle5Gcb61QseInRc3dE3QCYddY9SYiujm_4hUE-4CIQC8X6Gu3viqVXB9Mk-v2DTEyJT11dKRpex6GbwjmtYkjQ","TokenCreationEpochInSecs":1762158703,"ExpiresInSecs":604800}