<?xml version='1.0' encoding='utf-8' standalone='yes' ?>
<map>
    <long name="first_open_time" value="1762157313942" />
    <string name="gmp_app_id">1:367269008986:android:79b1ca5495411124</string>
    <string name="app_instance_id">e74deb212274edfbe432de3739d21d26</string>
    <long name="session_id" value="1762157315" />
    <boolean name="app_backgrounded" value="true" />
    <long name="health_monitor:start" value="1762157314206" />
    <boolean name="use_service" value="true" />
    <boolean name="deferred_analytics_collection" value="false" />
    <string name="previous_os_version">10</string>
    <boolean name="has_been_opened" value="true" />
    <boolean name="allow_remote_dynamite" value="true" />
    <long name="last_pause_time" value="1762157436235" />
    <boolean name="start_new_session" value="false" />
</map>
