{"Fid":"fwPBjUStSOm5x-Oo8kkiLZ","Status":3,"RefreshToken":"3_AS3qfwKvOgyOxqefJVT04cNdU1NXE1vRdHuT3IMOS-RJcwkuG4-ir4gIYme4mfXEIsjaotkiTJ1AtzBJJLKgDT7L4lfKPJi9igaiLW0KxTPHKbs","AuthToken":"eyJhbGciOiJFUzI1NiIsInR5cCI6IkpXVCJ9.eyJhcHBJZCI6IjE6MzY3MjY5MDA4OTg2OmFuZHJvaWQ6NzliMWNhNTQ5NTQxMTEyNCIsImV4cCI6MTc2Mjc2MjI4OCwiZmlkIjoiZndQQmpVU3RTT201eC1Pbzhra2lMWiIsInByb2plY3ROdW1iZXIiOjM2NzI2OTAwODk4Nn0.AB2LPV8wRgIhAJrayHisUucPzTdzr58KSd_mb-BfTrkW18YtzFKJOKZqAiEAs5ZmbYf8qZAo_VIl8tbs85GsZ5yFJOq-TTnTEVb7B40","TokenCreationEpochInSecs":1762157487,"ExpiresInSecs":604800}