{"Fid":"cIVGgPmuSdyBiAj5mXUYLX","Status":3,"RefreshToken":"3_AS3qfwJ9IUJfUMDjbkiafePZiEESR-gby06lXEwCYJwsrTQnQ8y85a8GHvHLxuVrs4JLA7jTDyoEpyO0GybaFiokUBe669KG4ZU3TQNiAr7K0Q","AuthToken":"eyJhbGciOiJFUzI1NiIsInR5cCI6IkpXVCJ9.eyJhcHBJZCI6IjE6MzY3MjY5MDA4OTg2OmFuZHJvaWQ6NzliMWNhNTQ5NTQxMTEyNCIsImV4cCI6MTc2Mjc3NTE3MCwiZmlkIjoiY0lWR2dQbXVTZHlCaUFqNW1YVVlMWCIsInByb2plY3ROdW1iZXIiOjM2NzI2OTAwODk4Nn0.AB2LPV8wRQIhAKth3BEFGX1iWbDOoF3d1elFXHR5ZP0y-0DsyqUYOVuyAiBdYCQa1K5i4K4gHJZmpraOMW3XMwdpP1ovyapJuFiCUw","TokenCreationEpochInSecs":1762170368,"ExpiresInSecs":604800}