{"Fid":"d2Mf9s_OR2KgpFIIlJTG4P","Status":3,"RefreshToken":"3_AS3qfwL_Gvob28NXn4V7fTqqQ8bE6pM0-rNywiXey0DUOVoie9ciFTwQjNX99E_bXys34CitFu657b4zTTCIk51imhZd9PMwUWrRhAdVjoe2jdE","AuthToken":"eyJhbGciOiJFUzI1NiIsInR5cCI6IkpXVCJ9.eyJhcHBJZCI6IjE6MzY3MjY5MDA4OTg2OmFuZHJvaWQ6NzliMWNhNTQ5NTQxMTEyNCIsImV4cCI6MTc2Mjc2Mzc5OCwiZmlkIjoiZDJNZjlzX09SMktncEZJSWxKVEc0UCIsInByb2plY3ROdW1iZXIiOjM2NzI2OTAwODk4Nn0.AB2LPV8wRAIgSLRRGkzQQ_eH7cuxuHKpyAtm9NkgQRpOSsiHGNQUCUkCIGF02Q1Gt5fWU3dxPww3RXWpLHcZc7mQvtw4og5Dp5ex","TokenCreationEpochInSecs":1762158997,"ExpiresInSecs":604800}